PROJECT_ID,SHAPSHOT_DATE,PROD_ID,CUST_ID,TIME_ID,CHANNEL_ID,PROMO_ID,QUANTITY_SOLD,AMOUNT_SOLD,EMPLOYEE_ID
123,13-APR-23,14,7053,28-JAN-98,2,999,1,1176.23,161
123,13-APR-23,14,1812,02-FEB-98,2,999,1,1108.99,200
123,13-APR-23,14,5378,02-FEB-98,2,999,1,1108.99,197
123,13-APR-23,14,7983,02-FEB-98,2,999,1,1108.99,138
123,13-APR-23,14,9728,02-FEB-98,2,999,1,1108.99,151
123,13-APR-23,14,10261,02-FEB-98,2,999,1,1108.99,115
123,13-APR-23,14,3732,03-FEB-98,2,999,1,1164.05,182
123,13-APR-23,14,4053,03-FEB-98,2,999,1,1164.05,105
123,13-APR-23,14,6316,03-FEB-98,2,999,1,1164.05,131
123,13-APR-23,14,945,05-FEB-98,2,999,1,1259.99,126
123,13-APR-23,14,1293,05-FEB-98,2,999,1,1259.99,125
123,13-APR-23,14,1844,05-FEB-98,2,999,1,1259.99,111
123,13-APR-23,14,2380,05-FEB-98,2,999,1,1259.99,115
123,13-APR-23,14,2869,05-FEB-98,2,999,1,1259.99,126
123,13-APR-23,14,2993,05-FEB-98,2,999,1,1259.99,117
123,13-APR-23,14,3375,05-FEB-98,2,999,1,1259.99,109
123,13-APR-23,14,5732,05-FEB-98,2,999,1,1259.99,186
123,13-APR-23,14,9038,05-FEB-98,2,999,1,1259.99,191
123,13-APR-23,14,12782,05-FEB-98,2,999,1,1259.99,105
123,13-APR-23,13,8497,21-FEB-00,3,999,1,1068.35,132
123,13-APR-23,13,9296,21-FEB-00,3,999,1,1068.35,202
123,13-APR-23,13,9631,21-FEB-00,3,999,1,1068.35,204
123,13-APR-23,13,11118,21-FEB-00,3,999,1,1068.35,165
123,13-APR-23,13,11718,21-FEB-00,3,999,1,1068.35,187
123,13-APR-23,13,13253,21-FEB-00,3,999,1,1068.35,129
123,13-APR-23,13,15561,21-FEB-00,3,999,1,1068.35,171
123,13-APR-23,13,30086,21-FEB-00,3,999,1,1068.35,184
123,13-APR-23,13,33746,21-FEB-00,3,999,1,1068.35,182
123,13-APR-23,13,2900,25-FEB-00,3,999,1,1068.35,202
123,13-APR-23,13,493,25-FEB-00,3,999,1,1068.35,187
123,13-APR-23,13,509,25-FEB-00,3,999,1,1068.35,129
123,13-APR-23,13,726,25-FEB-00,3,999,1,1068.35,123
123,13-APR-23,13,1081,25-FEB-00,3,999,1,1068.35,185
123,13-APR-23,13,1236,25-FEB-00,3,999,1,1068.35,199
123,13-APR-23,13,1374,25-FEB-00,3,999,1,1068.35,113
123,13-APR-23,13,1525,25-FEB-00,3,999,1,1068.35,173
123,13-APR-23,13,1989,25-FEB-00,3,999,1,1068.35,106
123,13-APR-23,13,2608,25-FEB-00,3,999,1,1068.35,135
123,13-APR-23,13,2771,25-FEB-00,3,999,1,1068.35,206
123,13-APR-23,13,2940,25-FEB-00,3,999,1,1068.35,177
123,13-APR-23,13,2963,25-FEB-00,3,999,1,1068.35,110
123,13-APR-23,13,3064,25-FEB-00,3,999,1,1068.35,180
123,13-APR-23,13,3218,25-FEB-00,3,999,1,1068.35,160
123,13-APR-23,13,3331,25-FEB-00,3,999,1,1068.35,150
123,13-APR-23,13,3378,25-FEB-00,3,999,1,1068.35,110
123,13-APR-23,13,3459,25-FEB-00,3,999,1,1068.35,140
123,13-APR-23,13,3568,25-FEB-00,3,999,1,1068.35,118
123,13-APR-23,13,3697,25-FEB-00,3,999,1,1068.35,167
123,13-APR-23,13,4241,25-FEB-00,3,999,1,1068.35,177
123,13-APR-23,13,4297,25-FEB-00,3,999,1,1068.35,162
123,13-APR-23,13,4379,25-FEB-00,3,999,1,1068.35,109
123,13-APR-23,13,4730,25-FEB-00,3,999,1,1068.35,140
123,13-APR-23,13,5127,25-FEB-00,3,999,1,1068.35,131
123,13-APR-23,13,5145,25-FEB-00,3,999,1,1068.35,206
123,13-APR-23,13,4415,19-NOV-01,4,999,1,867.93,110
123,13-APR-23,13,7182,19-NOV-01,4,999,1,867.93,113
123,13-APR-23,13,8447,19-NOV-01,4,999,1,867.93,177
123,13-APR-23,13,10572,19-NOV-01,4,999,1,867.93,204
123,13-APR-23,13,982,22-NOV-01,4,999,1,867.93,161
123,13-APR-23,13,8302,22-NOV-01,4,999,1,867.93,130
123,13-APR-23,13,27,23-NOV-01,4,999,1,867.93,152
123,13-APR-23,13,1911,23-NOV-01,4,999,1,867.93,135
123,13-APR-23,13,2349,23-NOV-01,4,999,1,867.93,152
123,13-APR-23,13,2470,23-NOV-01,4,999,1,867.93,170
123,13-APR-23,13,3060,23-NOV-01,4,999,1,867.93,129
123,13-APR-23,13,5469,23-NOV-01,4,999,1,867.93,146
123,13-APR-23,13,6511,23-NOV-01,4,999,1,867.93,167
123,13-APR-23,13,8302,23-NOV-01,4,999,1,867.93,180
123,13-APR-23,13,13187,23-NOV-01,4,999,1,867.93,149
123,13-APR-23,13,13440,23-NOV-01,4,999,1,867.93,158
123,13-APR-23,13,6233,26-NOV-01,4,999,1,867.93,104
123,13-APR-23,13,8302,29-NOV-01,4,999,1,867.93,158
123,13-APR-23,13,2753,30-NOV-01,4,999,1,867.93,155
123,13-APR-23,13,10113,30-NOV-01,4,999,1,867.93,136
123,13-APR-23,13,11053,30-NOV-01,4,999,1,867.93,193
123,13-APR-23,13,32173,30-NOV-01,4,999,1,867.93,151
123,13-APR-23,13,205,02-DEC-01,4,999,1,848.84,136
123,13-APR-23,13,482,02-DEC-01,4,999,1,848.84,187
123,13-APR-23,13,1081,02-DEC-01,4,351,1,848.84,150
123,13-APR-23,13,2335,02-DEC-01,4,351,1,848.84,106
123,13-APR-23,13,2402,02-DEC-01,4,351,1,848.84,116
123,13-APR-23,13,2575,02-DEC-01,4,999,1,848.84,112
123,13-APR-23,13,1267,20-DEC-01,4,999,1,848.84,113
123,13-APR-23,14,1385,19-JAN-98,2,999,1,1108.99,156
123,13-APR-23,14,3618,24-JAN-98,2,999,1,1108.99,129
123,13-APR-23,14,678,03-MAR-98,2,999,1,1176.23,138
123,13-APR-23,14,9162,02-APR-98,2,999,1,1176.23,205
123,13-APR-23,13,11407,20-OCT-98,2,999,1,1205.99,113
123,13-APR-23,13,25251,20-OCT-98,2,999,1,1205.99,128
123,13-APR-23,13,1297,05-DEC-98,2,999,1,1205.99,119
123,13-APR-23,13,3960,05-DEC-98,2,999,1,1205.99,110
123,13-APR-23,13,7086,05-DEC-98,2,999,1,1205.99,195
123,13-APR-23,13,7873,05-DEC-98,2,999,1,1205.99,153
123,13-APR-23,13,8686,05-DEC-98,2,999,1,1205.99,140
123,13-APR-23,13,2993,10-DEC-98,2,999,1,1210.81,112
123,13-APR-23,13,3557,10-DEC-98,2,999,1,1210.81,175
123,13-APR-23,13,5204,10-DEC-98,2,999,1,1210.81,195
123,13-APR-23,13,6517,10-DEC-98,2,999,1,1210.81,116
123,13-APR-23,13,12782,10-DEC-98,2,999,1,1210.81,101
123,13-APR-23,13,26630,10-DEC-98,2,999,1,1210.81,151
123,13-APR-23,13,462,20-DEC-98,2,999,1,1222.87,129
123,13-APR-23,13,1743,20-DEC-98,2,999,1,1222.87,100
123,13-APR-23,13,3984,20-DEC-98,2,999,1,1222.87,120
123,13-APR-23,13,4410,20-DEC-98,2,999,1,1222.87,157
123,13-APR-23,13,4974,20-DEC-98,2,999,1,1222.87,138
123,13-APR-23,13,5574,20-DEC-98,2,999,1,1222.87,100
123,13-APR-23,13,13232,20-DEC-98,2,999,1,1222.87,171
123,13-APR-23,13,20973,20-DEC-98,2,999,1,1222.87,170
123,13-APR-23,13,3453,30-DEC-98,2,999,1,1222.87,101
123,13-APR-23,13,7178,30-DEC-98,2,999,1,1222.87,140
123,13-APR-23,13,3453,31-DEC-98,2,999,1,1222.87,190
123,13-APR-23,13,7178,31-DEC-98,2,999,1,1222.87,187
123,13-APR-23,13,9316,10-JAN-99,2,999,1,1222.87,142
123,13-APR-23,13,27,20-JAN-99,2,999,1,925.1,182
123,13-APR-23,13,649,20-JAN-99,2,999,1,925.1,141
123,13-APR-23,13,892,20-JAN-99,2,999,1,925.1,143
123,13-APR-23,13,1911,20-JAN-99,2,999,1,925.1,181
123,13-APR-23,13,2470,20-JAN-99,2,999,1,925.1,104
123,13-APR-23,13,4093,20-JAN-99,2,999,1,925.1,109
123,13-APR-23,13,6708,20-JAN-99,2,999,1,925.1,153
123,13-APR-23,13,12586,20-JAN-99,2,999,1,925.1,162
123,13-APR-23,13,30787,20-JAN-99,2,999,1,925.1,193
123,13-APR-23,13,1923,23-JAN-99,2,999,1,925.1,176
123,13-APR-23,13,11123,23-JAN-99,2,999,1,925.1,180
123,13-APR-23,13,1468,30-JAN-99,2,999,1,925.1,174
123,13-APR-23,13,1825,30-JAN-99,2,999,1,925.1,206
123,13-APR-23,13,2163,30-JAN-99,2,999,1,925.1,144
123,13-APR-23,13,2443,30-JAN-99,2,999,1,925.1,197
123,13-APR-23,13,3974,30-JAN-99,2,999,1,925.1,197
123,13-APR-23,13,3995,30-JAN-99,2,999,1,925.1,142
123,13-APR-23,13,4895,30-JAN-99,2,999,1,925.1,191
123,13-APR-23,13,6265,30-JAN-99,2,999,1,925.1,162
123,13-APR-23,13,2073,16-DEC-99,2,999,1,914.34,185
123,13-APR-23,13,4237,03-MAR-00,2,999,1,1043.37,139
123,13-APR-23,13,377,26-APR-00,2,999,1,1052.46,151
123,13-APR-23,13,1198,26-APR-00,2,999,1,1052.46,192
123,13-APR-23,13,1529,26-APR-00,2,999,1,1052.46,191
123,13-APR-23,13,2746,26-APR-00,2,999,1,1052.46,126
123,13-APR-23,13,3656,26-APR-00,2,999,1,1052.46,202
123,13-APR-23,13,4061,26-APR-00,2,999,1,1052.46,183
123,13-APR-23,13,5537,26-APR-00,2,999,1,1052.46,183
123,13-APR-23,13,5637,26-APR-00,2,999,1,1052.46,148
123,13-APR-23,13,2064,28-JUL-00,3,999,1,1029.1,164
123,13-APR-23,13,4094,28-JUL-00,3,999,1,1029.1,146
123,13-APR-23,13,4188,28-JUL-00,3,999,1,1029.1,101
123,13-APR-23,13,4344,28-JUL-00,3,999,1,1029.1,205
123,13-APR-23,13,4345,28-JUL-00,3,999,1,1029.1,186
123,13-APR-23,13,4486,28-JUL-00,3,999,1,1029.1,173
123,13-APR-23,13,4934,28-JUL-00,3,999,1,1029.1,170
123,13-APR-23,13,5684,28-JUL-00,3,999,1,1029.1,111
123,13-APR-23,13,6761,28-JUL-00,3,999,1,1029.1,121
123,13-APR-23,14,12783,05-FEB-98,2,999,1,1259.99,159
123,13-APR-23,14,2266,14-FEB-98,2,999,1,1176.23,112
123,13-APR-23,14,2973,14-FEB-98,2,999,1,1176.23,150
123,13-APR-23,14,2978,14-FEB-98,2,999,1,1176.23,184
123,13-APR-23,14,11597,14-FEB-98,2,999,1,1176.23,101
123,13-APR-23,14,12655,14-FEB-98,2,999,1,1176.23,188
123,13-APR-23,14,725,16-FEB-98,2,999,1,1159.99,120
123,13-APR-23,14,783,16-FEB-98,2,999,1,1159.99,166
123,13-APR-23,14,1591,16-FEB-98,2,999,1,1159.99,202
123,13-APR-23,14,2525,16-FEB-98,2,999,1,1159.99,205
123,13-APR-23,14,3438,16-FEB-98,2,999,1,1159.99,196
123,13-APR-23,14,3737,16-FEB-98,2,999,1,1159.99,135
123,13-APR-23,14,4195,16-FEB-98,2,999,1,1159.99,172
123,13-APR-23,14,5027,16-FEB-98,2,999,1,1159.99,202
123,13-APR-23,14,5808,16-FEB-98,2,999,1,1159.99,164
123,13-APR-23,14,8583,16-FEB-98,2,999,1,1159.99,164
123,13-APR-23,14,8866,16-FEB-98,2,999,1,1159.99,189
123,13-APR-23,14,11073,16-FEB-98,2,999,1,1159.99,181
123,13-APR-23,14,20395,16-FEB-98,2,999,1,1159.99,174
123,13-APR-23,14,22478,16-FEB-98,2,999,1,1159.99,112
123,13-APR-23,14,2013,25-FEB-98,2,999,1,1277.63,107
123,13-APR-23,14,4414,25-FEB-98,2,999,1,1277.63,158
123,13-APR-23,14,5163,25-FEB-98,2,999,1,1277.63,113
123,13-APR-23,14,6394,25-FEB-98,2,999,1,1277.63,183
123,13-APR-23,14,7003,25-FEB-98,2,999,1,1277.63,154
123,13-APR-23,14,7993,25-FEB-98,2,999,1,1277.63,101
123,13-APR-23,14,8488,25-FEB-98,2,999,1,1277.63,190
123,13-APR-23,14,25938,25-FEB-98,2,999,1,1277.63,105
123,13-APR-23,14,39084,25-FEB-98,2,999,1,1277.63,108
123,13-APR-23,14,7053,26-FEB-98,2,999,1,1176.23,116
123,13-APR-23,14,7715,28-FEB-98,2,999,1,1124.52,140
123,13-APR-23,14,7801,28-FEB-98,2,999,1,1124.52,131
123,13-APR-23,14,6586,10-MAR-98,2,999,1,1176.23,119
123,13-APR-23,14,13152,10-MAR-98,2,999,1,1176.23,111
123,13-APR-23,14,648,14-MAR-98,2,999,1,1176.23,185
123,13-APR-23,14,6912,14-MAR-98,2,999,1,1176.23,158
123,13-APR-23,14,9278,14-MAR-98,2,999,1,1176.23,157
123,13-APR-23,14,18145,14-MAR-98,2,999,1,1176.23,177
123,13-APR-23,14,4157,17-MAR-98,2,999,1,1159.99,111
123,13-APR-23,14,4803,17-MAR-98,2,999,1,1159.99,125
123,13-APR-23,14,1518,20-MAR-98,2,999,1,1176.23,196
123,13-APR-23,14,2073,20-MAR-98,2,999,1,1176.23,131
123,13-APR-23,14,2746,28-MAR-98,2,999,1,1176.23,145
123,13-APR-23,14,7157,28-MAR-98,2,999,1,1176.23,122
123,13-APR-23,14,1156,30-MAR-98,2,999,1,1176.23,182
123,13-APR-23,14,2935,03-APR-98,2,999,1,1176.23,174
123,13-APR-23,14,254,05-APR-98,2,999,1,1259.99,160
123,13-APR-23,14,1949,05-APR-98,2,999,1,1259.99,194
123,13-APR-23,13,6172,21-FEB-00,3,999,1,1068.35,151
123,13-APR-23,13,6564,21-FEB-00,3,999,1,1068.35,191
123,13-APR-23,13,7592,21-FEB-00,3,999,1,1068.35,145
123,13-APR-23,13,7809,21-FEB-00,3,999,1,1068.35,184
123,13-APR-23,13,8454,21-FEB-00,3,999,1,1068.35,110
123,13-APR-23,13,8477,21-FEB-00,3,999,1,1068.35,131
123,13-APR-23,13,10265,28-JUL-00,3,999,1,1029.1,153
123,13-APR-23,13,2933,02-DEC-01,4,999,1,848.84,137
123,13-APR-23,13,3871,02-DEC-01,4,999,1,848.84,205
123,13-APR-23,13,6789,02-DEC-01,4,999,1,848.84,162
123,13-APR-23,13,10073,02-DEC-01,4,999,1,848.84,111
123,13-APR-23,13,13152,02-DEC-01,4,999,1,848.84,167
123,13-APR-23,13,2611,10-DEC-01,4,999,1,848.84,153
123,13-APR-23,13,4547,10-DEC-01,4,999,1,848.84,178
123,13-APR-23,13,9173,10-DEC-01,4,999,1,848.84,183
123,13-APR-23,13,10122,10-DEC-01,4,999,1,848.84,113
123,13-APR-23,13,22292,10-DEC-01,4,999,1,848.84,142
123,13-APR-23,13,2460,13-DEC-01,4,999,1,848.84,199
123,13-APR-23,13,5533,13-DEC-01,4,999,1,848.84,180
123,13-APR-23,13,10373,13-DEC-01,4,999,1,848.84,118
123,13-APR-23,13,10393,13-DEC-01,4,999,1,848.84,192
123,13-APR-23,13,11573,13-DEC-01,4,999,1,848.84,198
123,13-APR-23,13,11953,13-DEC-01,4,999,1,848.84,107
123,13-APR-23,13,893,14-DEC-01,4,999,1,848.84,126
123,13-APR-23,13,4313,14-DEC-01,4,999,1,848.84,107
123,13-APR-23,13,2175,17-DEC-01,4,999,1,848.84,182
123,13-APR-23,13,2252,17-DEC-01,4,999,1,848.84,196
123,13-APR-23,13,2813,17-DEC-01,4,999,1,848.84,196
123,13-APR-23,13,4479,17-DEC-01,4,999,1,848.84,170
123,13-APR-23,13,4712,17-DEC-01,4,999,1,848.84,162
123,13-APR-23,13,5172,17-DEC-01,4,999,1,848.84,178
123,13-APR-23,13,6453,17-DEC-01,4,999,1,848.84,193
123,13-APR-23,13,8393,17-DEC-01,4,999,1,848.84,103
123,13-APR-23,13,9753,17-DEC-01,4,999,1,848.84,166
123,13-APR-23,13,20371,18-DEC-01,4,351,1,848.84,199
123,13-APR-23,13,2393,20-DEC-01,4,999,1,848.84,141
123,13-APR-23,13,2802,20-DEC-01,4,351,1,848.84,107
123,13-APR-23,13,3332,20-DEC-01,4,999,1,848.84,197
123,13-APR-23,13,3747,20-DEC-01,4,351,1,848.84,205
123,13-APR-23,13,4855,20-DEC-01,4,999,1,848.84,174
123,13-APR-23,13,447,23-DEC-01,4,999,1,848.84,198
123,13-APR-23,13,2342,23-DEC-01,4,351,1,848.84,188
123,13-APR-23,13,2453,23-DEC-01,4,999,1,848.84,205
123,13-APR-23,13,2491,23-DEC-01,4,999,1,848.84,111
123,13-APR-23,13,3667,23-DEC-01,4,999,1,848.84,177
123,13-APR-23,13,4533,23-DEC-01,4,999,1,848.84,206
123,13-APR-23,13,10142,23-DEC-01,4,351,1,848.84,128
123,13-APR-23,13,27323,23-DEC-01,4,999,1,848.84,181
123,13-APR-23,13,447,24-DEC-01,4,999,1,848.84,194
123,13-APR-23,13,2342,24-DEC-01,4,351,1,848.84,155
123,13-APR-23,13,2453,24-DEC-01,4,999,1,848.84,153
123,13-APR-23,13,2491,24-DEC-01,4,999,1,848.84,161
123,13-APR-23,13,3667,24-DEC-01,4,999,1,848.84,137
123,13-APR-23,13,4093,24-DEC-01,4,999,1,848.84,171
123,13-APR-23,13,10142,24-DEC-01,4,351,1,848.84,186
123,13-APR-23,13,1323,27-DEC-01,4,351,1,848.84,165
123,13-APR-23,13,32,28-DEC-01,4,999,1,848.84,105
123,13-APR-23,13,1533,28-DEC-01,4,999,1,848.84,118
123,13-APR-23,13,1673,28-DEC-01,4,999,1,848.84,164
123,13-APR-23,13,4291,28-DEC-01,4,999,1,848.84,110
123,13-APR-23,13,4753,28-DEC-01,4,999,1,848.84,171
123,13-APR-23,13,7118,28-JUL-00,3,999,1,1029.1,179
123,13-APR-23,13,4823,28-DEC-01,4,999,1,848.84,204
123,13-APR-23,13,5442,28-DEC-01,4,999,1,848.84,168
123,13-APR-23,13,5622,28-DEC-01,4,999,1,848.84,107
123,13-APR-23,13,6420,28-DEC-01,4,999,1,848.84,200
123,13-APR-23,13,7092,28-DEC-01,4,999,1,848.84,138
123,13-APR-23,13,7713,28-DEC-01,4,999,1,848.84,128
123,13-APR-23,13,7935,28-DEC-01,4,999,1,848.84,142
123,13-APR-23,13,8353,28-DEC-01,4,999,1,848.84,136
123,13-APR-23,13,9233,28-DEC-01,4,999,1,848.84,119
123,13-APR-23,13,9535,28-DEC-01,4,999,1,848.84,196
123,13-APR-23,13,791,30-DEC-01,4,999,1,848.84,183
123,13-APR-23,13,1535,30-DEC-01,4,351,1,848.84,193
123,13-APR-23,13,3552,30-DEC-01,4,999,1,848.84,132
123,13-APR-23,13,14532,30-DEC-01,4,999,1,848.84,105
123,13-APR-23,14,2,05-JAN-98,2,999,1,1259.99,142
123,13-APR-23,14,429,05-JAN-98,2,999,1,1259.99,134
123,13-APR-23,14,2903,05-JAN-98,2,999,1,1259.99,134
123,13-APR-23,14,3001,05-JAN-98,2,999,1,1259.99,109
123,13-APR-23,14,4759,05-JAN-98,2,999,1,1259.99,202
123,13-APR-23,14,9038,05-JAN-98,2,999,1,1259.99,190
123,13-APR-23,14,12783,05-JAN-98,2,999,1,1259.99,110
123,13-APR-23,14,10007,14-JAN-98,2,999,1,1124.52,156
123,13-APR-23,14,10667,17-JAN-98,2,999,1,1124.52,167
123,13-APR-23,14,27197,20-JAN-98,2,999,1,1163.47,203
123,13-APR-23,14,3618,21-JAN-98,2,999,1,1108.99,105
123,13-APR-23,14,10002,23-JAN-98,2,999,1,1176.23,206
123,13-APR-23,14,444,25-JAN-98,2,999,1,1259.99,101
123,13-APR-23,14,1841,25-JAN-98,2,999,1,1259.99,110
123,13-APR-23,14,1946,25-JAN-98,2,999,1,1259.99,187
123,13-APR-23,14,4977,25-JAN-98,2,999,1,1259.99,144
123,13-APR-23,14,5587,25-JAN-98,2,999,1,1259.99,106
123,13-APR-23,14,6955,25-JAN-98,2,999,1,1259.99,157
123,13-APR-23,14,11408,25-JAN-98,2,999,1,1259.99,126
123,13-APR-23,14,11443,25-JAN-98,2,999,1,1259.99,106
123,13-APR-23,14,17081,25-JAN-98,2,999,1,1259.99,130
123,13-APR-23,14,26626,25-JAN-98,2,999,1,1259.99,182
123,13-APR-23,13,6422,25-FEB-00,3,999,1,1068.35,116
123,13-APR-23,13,6525,25-FEB-00,3,999,1,1068.35,137
123,13-APR-23,13,7782,25-FEB-00,3,999,1,1068.35,156
123,13-APR-23,13,8122,25-FEB-00,3,999,1,1068.35,178
123,13-APR-23,13,8298,25-FEB-00,3,999,1,1068.35,156
123,13-APR-23,13,8603,25-FEB-00,3,999,1,1068.35,116
123,13-APR-23,13,9043,25-FEB-00,3,999,1,1068.35,156
123,13-APR-23,13,9725,25-FEB-00,3,999,1,1068.35,109
123,13-APR-23,13,9926,25-FEB-00,3,999,1,1068.35,160
123,13-APR-23,13,10071,25-FEB-00,3,999,1,1068.35,184
123,13-APR-23,13,13296,25-FEB-00,3,999,1,1068.35,161
123,13-APR-23,13,13479,25-FEB-00,3,999,1,1068.35,156
123,13-APR-23,13,26067,25-FEB-00,3,999,1,1068.35,195
123,13-APR-23,13,27320,25-FEB-00,3,999,1,1068.35,134
123,13-APR-23,13,1554,29-FEB-00,3,999,1,1053.6,199
123,13-APR-23,13,2169,29-FEB-00,3,999,1,1053.6,191
123,13-APR-23,13,2201,29-FEB-00,3,999,1,1053.6,106
123,13-APR-23,13,3329,29-FEB-00,3,999,1,1053.6,154
123,13-APR-23,13,2028,03-MAR-00,3,999,1,1044.69,112
123,13-APR-23,13,5741,02-APR-00,3,999,1,1040.74,132
123,13-APR-23,13,11388,02-APR-00,3,999,1,1040.74,177
123,13-APR-23,13,12094,02-APR-00,3,999,1,1040.74,175
123,13-APR-23,13,33721,02-APR-00,3,999,1,1040.74,137
123,13-APR-23,13,36054,02-APR-00,3,999,1,1040.74,191
123,13-APR-23,13,285,03-APR-00,3,999,1,1040.74,159
123,13-APR-23,13,644,03-APR-00,3,999,1,1040.74,196
123,13-APR-23,13,1125,03-APR-00,3,999,1,1040.74,200
123,13-APR-23,13,1657,03-APR-00,3,999,1,1040.74,174
123,13-APR-23,13,2124,03-APR-00,3,999,1,1040.74,140
123,13-APR-23,13,3058,03-APR-00,3,999,1,1040.74,184
123,13-APR-23,13,4189,03-APR-00,3,999,1,1040.74,183
123,13-APR-23,13,4521,03-APR-00,3,999,1,1040.74,183
123,13-APR-23,13,12268,03-APR-00,3,999,1,1040.74,139
123,13-APR-23,13,23864,03-APR-00,3,999,1,1040.74,145
123,13-APR-23,13,29217,03-APR-00,3,999,1,1040.74,193
123,13-APR-23,13,39974,03-APR-00,3,999,1,1040.74,153
123,13-APR-23,13,417,25-APR-00,3,999,1,1055.31,189
123,13-APR-23,13,498,25-APR-00,3,999,1,1055.31,186
123,13-APR-23,13,698,25-APR-00,3,999,1,1055.31,195
123,13-APR-23,13,731,25-APR-00,3,999,1,1055.31,186
123,13-APR-23,13,1145,25-APR-00,3,999,1,1055.31,157
123,13-APR-23,13,1850,25-APR-00,3,999,1,1055.31,126
123,13-APR-23,13,1931,25-APR-00,3,999,1,1055.31,105
123,13-APR-23,13,2292,25-APR-00,3,999,1,1055.31,203
123,13-APR-23,13,2318,25-APR-00,3,999,1,1055.31,142
123,13-APR-23,13,2381,25-APR-00,3,999,1,1055.31,160
123,13-APR-23,13,2586,25-APR-00,3,999,1,1055.31,206
123,13-APR-23,13,2830,25-APR-00,3,999,1,1055.31,185
123,13-APR-23,13,3391,25-APR-00,3,999,1,1055.31,201
123,13-APR-23,13,3501,25-APR-00,3,999,1,1055.31,162
123,13-APR-23,13,5004,25-APR-00,3,999,1,1055.31,152
123,13-APR-23,13,5404,25-APR-00,3,999,1,1055.31,150
123,13-APR-23,13,5860,25-APR-00,3,999,1,1055.31,149
123,13-APR-23,13,6931,25-APR-00,3,999,1,1055.31,141
123,13-APR-23,13,124,14-MAR-00,3,999,1,1059.31,198
123,13-APR-23,13,2038,14-MAR-00,3,999,1,1059.31,151
123,13-APR-23,13,2866,14-MAR-00,3,999,1,1059.31,103
123,13-APR-23,13,3505,14-MAR-00,3,999,1,1059.31,157
123,13-APR-23,13,3741,14-MAR-00,3,999,1,1059.31,174
123,13-APR-23,13,5678,14-MAR-00,3,999,1,1059.31,101
123,13-APR-23,13,6934,14-MAR-00,3,999,1,1059.31,182
123,13-APR-23,13,7896,14-MAR-00,3,999,1,1059.31,178
123,13-APR-23,13,8189,14-MAR-00,3,999,1,1059.31,189
123,13-APR-23,13,9774,14-MAR-00,3,999,1,1059.31,104
123,13-APR-23,13,12456,14-MAR-00,3,999,1,1059.31,125
123,13-APR-23,13,1924,16-MAR-00,3,999,1,1044.69,114
123,13-APR-23,13,2384,16-MAR-00,3,999,1,1044.69,194
123,13-APR-23,13,2809,16-MAR-00,3,999,1,1044.69,118
123,13-APR-23,13,725,17-MAR-00,3,999,1,1044.69,177
123,13-APR-23,13,4454,17-MAR-00,3,999,1,1044.69,172
123,13-APR-23,13,20904,17-MAR-00,3,999,1,1044.69,154
123,13-APR-23,13,1854,26-MAR-00,3,999,1,1048.34,115
123,13-APR-23,13,3438,26-MAR-00,3,999,1,1048.34,141
123,13-APR-23,13,7496,26-MAR-00,3,999,1,1048.34,161
123,13-APR-23,13,36148,26-MAR-00,3,999,1,1048.34,206
123,13-APR-23,13,451,30-MAR-00,3,999,1,1044.69,155
123,13-APR-23,13,667,30-MAR-00,3,999,1,1044.69,126
123,13-APR-23,13,1057,30-MAR-00,3,999,1,1044.69,169
123,13-APR-23,13,1156,30-MAR-00,3,999,1,1044.69,181
123,13-APR-23,13,1287,30-MAR-00,3,999,1,1044.69,155
123,13-APR-23,13,1306,30-MAR-00,3,999,1,1044.69,148
123,13-APR-23,13,1476,30-MAR-00,3,999,1,1044.69,191
123,13-APR-23,13,2025,30-MAR-00,3,999,1,1044.69,107
123,13-APR-23,13,2517,30-MAR-00,3,999,1,1044.69,101
123,13-APR-23,13,2536,30-MAR-00,3,999,1,1044.69,109
123,13-APR-23,13,2555,30-MAR-00,3,999,1,1044.69,147
123,13-APR-23,13,3264,30-MAR-00,3,999,1,1044.69,198
123,13-APR-23,13,3276,30-MAR-00,3,999,1,1044.69,134
123,13-APR-23,13,3345,30-MAR-00,3,999,1,1044.69,140
123,13-APR-23,13,3766,30-MAR-00,3,999,1,1044.69,130
123,13-APR-23,13,3775,30-MAR-00,3,999,1,1044.69,141
123,13-APR-23,13,3781,30-MAR-00,3,999,1,1044.69,124
123,13-APR-23,13,4003,30-MAR-00,3,999,1,1044.69,191
123,13-APR-23,13,4105,30-MAR-00,3,999,1,1044.69,166
123,13-APR-23,13,4306,30-MAR-00,3,999,1,1044.69,102
123,13-APR-23,13,4714,30-MAR-00,3,999,1,1044.69,137
123,13-APR-23,13,4717,30-MAR-00,3,999,1,1044.69,105
123,13-APR-23,13,4880,30-MAR-00,3,999,1,1044.69,200
123,13-APR-23,13,4940,30-MAR-00,3,999,1,1044.69,108
123,13-APR-23,13,5154,30-MAR-00,3,999,1,1044.69,102
123,13-APR-23,13,5408,30-MAR-00,3,999,1,1044.69,186
123,13-APR-23,13,5544,30-MAR-00,3,999,1,1044.69,186
123,13-APR-23,13,5548,30-MAR-00,3,999,1,1044.69,188
123,13-APR-23,13,5655,30-MAR-00,3,999,1,1044.69,167
123,13-APR-23,13,6409,30-MAR-00,3,999,1,1044.69,191
123,13-APR-23,13,7708,30-MAR-00,3,999,1,1044.69,158
123,13-APR-23,13,7794,30-MAR-00,3,999,1,1044.69,126
123,13-APR-23,13,8223,30-MAR-00,3,999,1,1044.69,182
123,13-APR-23,13,8246,30-MAR-00,3,999,1,1044.69,163
123,13-APR-23,13,8314,30-MAR-00,3,999,1,1044.69,192
123,13-APR-23,13,9929,30-MAR-00,3,999,1,1044.69,131
123,13-APR-23,13,10262,30-MAR-00,3,999,1,1044.69,189
123,13-APR-23,13,10642,30-MAR-00,3,999,1,1044.69,109
123,13-APR-23,13,11651,30-MAR-00,3,999,1,1044.69,156
123,13-APR-23,13,12006,30-MAR-00,3,999,1,1044.69,103
123,13-APR-23,13,15489,30-MAR-00,3,999,1,1044.69,196
123,13-APR-23,13,17625,30-MAR-00,3,999,1,1044.69,200
123,13-APR-23,13,31946,30-MAR-00,3,999,1,1044.69,115
123,13-APR-23,13,33728,30-MAR-00,3,999,1,1044.69,192
123,13-APR-23,13,36217,30-MAR-00,3,999,1,1044.69,132
123,13-APR-23,13,40743,30-MAR-00,3,999,1,1044.69,107
123,13-APR-23,13,345,02-APR-00,3,999,1,1040.74,175
123,13-APR-23,13,1729,02-APR-00,3,999,1,1040.74,154
123,13-APR-23,13,3248,02-APR-00,3,999,1,1040.74,181
123,13-APR-23,13,3698,02-APR-00,3,999,1,1040.74,118
123,13-APR-23,13,5374,02-APR-00,3,999,1,1040.74,136
123,13-APR-23,13,524,20-JAN-98,2,999,1,1205.99,165
123,13-APR-23,13,2128,05-APR-98,2,999,1,1250.25,164
123,13-APR-23,13,3212,05-APR-98,2,999,1,1250.25,206
123,13-APR-23,13,3375,05-APR-98,2,999,1,1250.25,200
123,13-APR-23,13,5204,05-APR-98,2,999,1,1250.25,117
123,13-APR-23,13,7082,05-APR-98,2,999,1,1250.25,204
123,13-APR-23,13,9316,05-APR-98,2,999,1,1250.25,107
123,13-APR-23,13,12782,05-APR-98,2,999,1,1250.25,203
123,13-APR-23,13,13869,05-APR-98,2,999,1,1250.25,123
123,13-APR-23,13,1949,05-JUL-98,2,999,1,1210.21,154
123,13-APR-23,13,2079,05-JUL-98,2,999,1,1210.21,134
123,13-APR-23,13,3960,05-JUL-98,2,999,1,1210.21,125
123,13-APR-23,13,7873,05-JUL-98,2,999,1,1210.21,194
123,13-APR-23,13,8686,05-JUL-98,2,999,1,1210.21,107
123,13-APR-23,13,8935,05-JUL-98,2,999,1,1210.21,142
123,13-APR-23,13,9038,05-JUL-98,2,999,1,1210.21,111
123,13-APR-23,13,12783,05-JUL-98,2,999,1,1210.21,133
123,13-APR-23,13,1258,20-JUL-98,2,999,1,1210.21,106
123,13-APR-23,13,1743,20-JUL-98,2,999,1,1210.21,170
123,13-APR-23,13,7301,20-JUL-98,2,999,1,1210.21,152
123,13-APR-23,13,10747,20-JUL-98,2,999,1,1210.21,198
123,13-APR-23,13,11407,20-JUL-98,2,999,1,1210.21,157
123,13-APR-23,13,20973,20-JUL-98,2,999,1,1210.21,148
123,13-APR-23,13,25244,20-JUL-98,2,999,1,1210.21,126
123,13-APR-23,13,1945,30-JUL-98,2,999,1,1210.21,193
123,13-APR-23,13,3819,30-JUL-98,2,999,1,1210.21,175
123,13-APR-23,13,7994,30-JUL-98,2,999,1,1210.21,107
123,13-APR-23,13,12096,30-JUL-98,2,999,1,1210.21,170
123,13-APR-23,13,12136,30-JUL-98,2,999,1,1210.21,136
123,13-APR-23,13,25938,30-JUL-98,2,999,1,1210.21,187
123,13-APR-23,13,42167,30-JUL-98,2,999,1,1210.21,177
123,13-APR-23,13,429,05-AUG-98,2,350,1,1222.87,167
123,13-APR-23,13,1949,05-AUG-98,2,350,1,1222.87,199
123,13-APR-23,13,2079,05-AUG-98,2,350,1,1222.87,114
123,13-APR-23,13,2994,05-AUG-98,2,350,1,1222.87,162
123,13-APR-23,13,3215,05-AUG-98,2,350,1,1222.87,164
123,13-APR-23,13,3960,05-AUG-98,2,350,1,1222.87,126
123,13-APR-23,13,164,20-OCT-98,2,999,1,1205.99,186
123,13-APR-23,13,462,20-OCT-98,2,999,1,1205.99,107
123,13-APR-23,13,1258,20-OCT-98,2,999,1,1205.99,155
123,13-APR-23,13,2761,20-OCT-98,2,999,1,1205.99,111
123,13-APR-23,13,4974,20-OCT-98,2,999,1,1205.99,124
123,13-APR-23,13,7301,20-OCT-98,2,999,1,1205.99,141
123,13-APR-23,13,8937,20-OCT-98,2,999,1,1205.99,123
123,13-APR-23,13,10747,20-OCT-98,2,999,1,1205.99,105
123,13-APR-23,13,6374,30-JAN-99,2,999,1,925.1,193
123,13-APR-23,13,8385,30-JAN-99,2,999,1,925.1,160
123,13-APR-23,13,8638,30-JAN-99,2,999,1,925.1,103
123,13-APR-23,13,9558,30-JAN-99,2,999,1,925.1,109
123,13-APR-23,13,2819,05-FEB-99,2,999,1,1222.87,146
123,13-APR-23,13,4759,05-FEB-99,2,999,1,1222.87,162
123,13-APR-23,13,2761,20-FEB-99,2,999,1,1222.87,185
123,13-APR-23,13,3087,20-FEB-99,2,999,1,1222.87,146
123,13-APR-23,13,5701,20-FEB-99,2,999,1,1222.87,151
123,13-APR-23,13,10584,20-FEB-99,2,999,1,1222.87,129
123,13-APR-23,13,11407,20-FEB-99,2,999,1,1222.87,113
123,13-APR-23,13,13187,20-FEB-99,2,999,1,1222.87,190
123,13-APR-23,13,25251,20-FEB-99,2,999,1,1222.87,144
123,13-APR-23,13,468,21-FEB-99,2,999,1,914.34,150
123,13-APR-23,13,781,21-FEB-99,2,999,1,914.34,191
123,13-APR-23,13,2156,21-FEB-99,2,999,1,914.34,169
123,13-APR-23,13,2656,21-FEB-99,2,999,1,914.34,132
123,13-APR-23,13,5489,21-FEB-99,2,999,1,914.34,134
123,13-APR-23,13,5870,21-FEB-99,2,999,1,914.34,182
123,13-APR-23,13,8356,21-FEB-99,2,999,1,914.34,186
123,13-APR-23,13,8406,21-FEB-99,2,999,1,914.34,117
123,13-APR-23,13,13877,21-FEB-99,2,999,1,914.34,194
123,13-APR-23,13,29395,21-FEB-99,2,999,1,914.34,138
123,13-APR-23,13,5747,23-FEB-99,2,999,1,925.1,155
123,13-APR-23,13,7347,23-FEB-99,2,999,1,925.1,176
123,13-APR-23,13,466,25-FEB-99,2,999,1,914.34,118
123,13-APR-23,13,524,25-FEB-99,2,999,1,914.34,159
123,13-APR-23,13,4759,05-AUG-98,2,350,1,1222.87,176
123,13-APR-23,13,6279,05-AUG-98,2,350,1,1222.87,129
123,13-APR-23,13,6913,05-AUG-98,2,350,1,1222.87,142
123,13-APR-23,13,7086,05-AUG-98,2,350,1,1222.87,169
123,13-APR-23,13,7873,05-AUG-98,2,350,1,1222.87,173
123,13-APR-23,13,7902,05-AUG-98,2,350,1,1222.87,136
123,13-APR-23,13,8236,05-AUG-98,2,350,1,1222.87,189
123,13-APR-23,13,8686,05-AUG-98,2,350,1,1222.87,139
123,13-APR-23,13,8935,05-AUG-98,2,350,1,1222.87,198
123,13-APR-23,13,9317,05-AUG-98,2,350,1,1222.87,100
123,13-APR-23,13,15826,05-AUG-98,2,350,1,1222.87,128
123,13-APR-23,13,26631,05-AUG-98,2,350,1,1222.87,157
123,13-APR-23,13,2683,10-AUG-98,2,350,1,1222.87,187
123,13-APR-23,13,5203,10-AUG-98,2,350,1,1222.87,145
123,13-APR-23,13,6859,10-AUG-98,2,350,1,1222.87,187
123,13-APR-23,13,7082,10-AUG-98,2,350,1,1222.87,113
123,13-APR-23,13,7872,10-AUG-98,2,350,1,1222.87,128
123,13-APR-23,13,12099,10-AUG-98,2,350,1,1222.87,175
123,13-APR-23,13,1258,20-AUG-98,2,350,1,1210.21,166
123,13-APR-23,13,1743,20-AUG-98,2,350,1,1210.21,156
123,13-APR-23,13,4410,20-AUG-98,2,350,1,1210.21,148
123,13-APR-23,13,4974,20-AUG-98,2,350,1,1210.21,161
123,13-APR-23,13,5701,20-AUG-98,2,350,1,1210.21,116
123,13-APR-23,13,10747,20-AUG-98,2,350,1,1210.21,102
123,13-APR-23,13,11407,20-AUG-98,2,350,1,1210.21,130
123,13-APR-23,13,13232,20-AUG-98,2,350,1,1210.21,131
123,13-APR-23,13,2994,05-OCT-98,2,999,1,1210.81,148
123,13-APR-23,13,4759,05-OCT-98,2,999,1,1210.81,109
123,13-APR-23,13,4942,05-OCT-98,2,999,1,1210.81,156
123,13-APR-23,13,6279,05-OCT-98,2,999,1,1210.81,189
123,13-APR-23,13,6913,05-OCT-98,2,999,1,1210.81,170
123,13-APR-23,13,7873,05-OCT-98,2,999,1,1210.81,161
123,13-APR-23,13,7902,05-OCT-98,2,999,1,1210.81,116
123,13-APR-23,13,8935,05-OCT-98,2,999,1,1210.81,178
123,13-APR-23,13,9038,05-OCT-98,2,999,1,1210.81,168
123,13-APR-23,13,9317,05-OCT-98,2,999,1,1210.81,197
123,13-APR-23,13,7164,25-APR-00,3,999,1,1055.31,129
123,13-APR-23,13,7199,25-APR-00,3,999,1,1055.31,101
123,13-APR-23,13,9085,25-APR-00,3,999,1,1055.31,158
123,13-APR-23,13,10379,25-APR-00,3,999,1,1055.31,157
123,13-APR-23,13,11830,25-APR-00,3,999,1,1055.31,181
123,13-APR-23,13,18986,25-APR-00,3,999,1,1055.31,109
123,13-APR-23,13,19715,25-APR-00,3,999,1,1055.31,202
123,13-APR-23,13,377,26-APR-00,3,999,1,1055.31,195
123,13-APR-23,13,548,26-APR-00,3,999,1,1055.31,111
123,13-APR-23,13,805,26-APR-00,3,999,1,1055.31,121
123,13-APR-23,13,1529,26-APR-00,3,999,1,1055.31,180
123,13-APR-23,13,1917,26-APR-00,3,999,1,1055.31,106
123,13-APR-23,13,2337,26-APR-00,3,999,1,1055.31,123
123,13-APR-23,13,2746,26-APR-00,3,999,1,1055.31,181
123,13-APR-23,13,3656,26-APR-00,3,999,1,1055.31,156
123,13-APR-23,13,4061,26-APR-00,3,999,1,1055.31,202
123,13-APR-23,13,4989,26-APR-00,3,999,1,1055.31,201
123,13-APR-23,13,5537,26-APR-00,3,999,1,1055.31,206
123,13-APR-23,13,5637,26-APR-00,3,999,1,1055.31,135
123,13-APR-23,13,5708,26-APR-00,3,999,1,1055.31,124
123,13-APR-23,13,6397,26-APR-00,3,999,1,1055.31,148
123,13-APR-23,13,6761,26-APR-00,3,999,1,1055.31,178
123,13-APR-23,13,7157,26-APR-00,3,999,1,1055.31,176
123,13-APR-23,13,8665,26-APR-00,3,999,1,1055.31,196
123,13-APR-23,13,9161,26-APR-00,3,999,1,1055.31,197
123,13-APR-23,13,10264,26-APR-00,3,999,1,1055.31,141
123,13-APR-23,13,11108,26-APR-00,3,999,1,1055.31,161
123,13-APR-23,13,16774,26-APR-00,3,999,1,1055.31,106
123,13-APR-23,13,28017,26-APR-00,3,999,1,1055.31,106
123,13-APR-23,13,33734,26-APR-00,3,999,1,1055.31,146
123,13-APR-23,13,244,28-APR-00,3,999,1,1040.74,173
123,13-APR-23,13,1924,28-APR-00,3,999,1,1040.74,181
123,13-APR-23,13,2384,28-APR-00,3,999,1,1040.74,163
123,13-APR-23,13,2809,28-APR-00,3,999,1,1040.74,205
123,13-APR-23,13,7601,28-APR-00,3,999,1,1040.74,196
123,13-APR-23,13,7645,28-APR-00,3,999,1,1040.74,128
123,13-APR-23,13,1680,25-FEB-99,2,999,1,914.34,116
123,13-APR-23,13,2156,25-FEB-99,2,999,1,914.34,112
123,13-APR-23,13,3686,25-FEB-99,2,999,1,914.34,199
123,13-APR-23,13,6968,25-FEB-99,2,999,1,914.34,204
123,13-APR-23,13,7711,25-FEB-99,2,999,1,914.34,200
123,13-APR-23,13,9032,25-FEB-99,2,999,1,914.34,110
123,13-APR-23,13,9628,25-FEB-99,2,999,1,914.34,133
123,13-APR-23,13,26638,25-FEB-99,2,999,1,914.34,124
123,13-APR-23,13,892,20-MAY-99,2,999,1,914.34,120
123,13-APR-23,13,2634,20-MAY-99,2,999,1,914.34,199
123,13-APR-23,13,2757,20-MAY-99,2,999,1,914.34,169
123,13-APR-23,13,2910,20-MAY-99,2,999,1,914.34,145
123,13-APR-23,13,4786,20-MAY-99,2,999,1,914.34,118
123,13-APR-23,13,4850,20-MAY-99,2,999,1,914.34,154
123,13-APR-23,13,6708,20-MAY-99,2,999,1,914.34,122
123,13-APR-23,13,11814,20-MAY-99,2,999,1,914.34,189
123,13-APR-23,13,12586,20-MAY-99,2,999,1,914.34,114
123,13-APR-23,13,17506,20-MAY-99,2,999,1,914.34,132
123,13-APR-23,13,229,30-JUL-99,2,999,1,914.34,109
123,13-APR-23,13,30781,23-MAY-00,3,999,1,1057.14,103
123,13-APR-23,13,332,30-MAY-00,3,999,1,1042.55,203
123,13-APR-23,13,667,30-MAY-00,3,999,1,1042.55,206
123,13-APR-23,13,1287,30-MAY-00,3,999,1,1042.55,200
123,13-APR-23,13,1306,30-MAY-00,3,999,1,1042.55,162
123,13-APR-23,13,1328,30-MAY-00,3,999,1,1042.55,162
123,13-APR-23,13,1476,30-MAY-00,3,999,1,1042.55,133
123,13-APR-23,13,1478,30-MAY-00,3,999,1,1042.55,188
123,13-APR-23,13,1540,30-MAY-00,3,999,1,1042.55,181
123,13-APR-23,13,1806,30-MAY-00,3,999,1,1042.55,123
123,13-APR-23,13,1824,30-MAY-00,3,999,1,1042.55,188
123,13-APR-23,13,2145,30-MAY-00,3,999,1,1042.55,164
123,13-APR-23,13,2258,30-MAY-00,3,999,1,1042.55,150
123,13-APR-23,13,2426,30-MAY-00,3,999,1,1042.55,119
123,13-APR-23,13,3297,30-MAY-00,3,999,1,1042.55,188
123,13-APR-23,13,3345,30-MAY-00,3,999,1,1042.55,185
123,13-APR-23,13,3781,30-MAY-00,3,999,1,1042.55,157
123,13-APR-23,13,3940,30-MAY-00,3,999,1,1042.55,130
123,13-APR-23,13,3965,30-MAY-00,3,999,1,1042.55,133
123,13-APR-23,13,4105,30-MAY-00,3,999,1,1042.55,108
123,13-APR-23,13,4158,30-MAY-00,3,999,1,1042.55,168
123,13-APR-23,13,4183,30-MAY-00,3,999,1,1042.55,206
123,13-APR-23,13,4306,30-MAY-00,3,999,1,1042.55,134
123,13-APR-23,13,4717,30-MAY-00,3,999,1,1042.55,165
123,13-APR-23,13,4940,30-MAY-00,3,999,1,1042.55,196
123,13-APR-23,13,4954,30-MAY-00,3,999,1,1042.55,128
123,13-APR-23,13,4961,30-MAY-00,3,999,1,1042.55,142
123,13-APR-23,13,5715,30-MAY-00,3,999,1,1042.55,163
123,13-APR-23,13,6489,30-MAY-00,3,999,1,1042.55,162
123,13-APR-23,13,6604,30-MAY-00,3,999,1,1042.55,111
123,13-APR-23,13,8314,30-MAY-00,3,999,1,1042.55,156
123,13-APR-23,13,8427,30-MAY-00,3,999,1,1042.55,115
123,13-APR-23,13,8906,30-MAY-00,3,999,1,1042.55,192
123,13-APR-23,13,9608,30-MAY-00,3,999,1,1042.55,152
123,13-APR-23,13,11311,30-MAY-00,3,999,1,1042.55,200
123,13-APR-23,13,1929,30-JUL-99,2,999,1,914.34,125
123,13-APR-23,13,2356,30-JUL-99,2,999,1,914.34,120
123,13-APR-23,13,3162,30-JUL-99,2,999,1,914.34,183
123,13-APR-23,13,3626,30-JUL-99,2,999,1,914.34,142
123,13-APR-23,13,5173,30-JUL-99,2,999,1,914.34,186
123,13-APR-23,13,5348,30-JUL-99,2,999,1,914.34,133
123,13-APR-23,13,6241,30-JUL-99,2,999,1,914.34,162
123,13-APR-23,13,6510,30-JUL-99,2,999,1,914.34,205
123,13-APR-23,13,7144,30-JUL-99,2,999,1,914.34,165
123,13-APR-23,13,7797,30-JUL-99,2,999,1,914.34,115
123,13-APR-23,13,7880,30-JUL-99,2,999,1,914.34,186
123,13-APR-23,13,9084,30-JUL-99,2,999,1,914.34,126
123,13-APR-23,13,10445,30-JUL-99,2,999,1,914.34,107
123,13-APR-23,13,19017,30-JUL-99,2,999,1,914.34,100
123,13-APR-23,13,1747,10-AUG-99,2,999,1,914.34,124
123,13-APR-23,13,1908,10-AUG-99,2,999,1,914.34,118
123,13-APR-23,13,2285,10-AUG-99,2,999,1,914.34,173
123,13-APR-23,13,3135,10-AUG-99,2,999,1,914.34,112
123,13-APR-23,13,3148,10-AUG-99,2,999,1,914.34,179
123,13-APR-23,13,3324,10-AUG-99,2,999,1,914.34,112
123,13-APR-23,13,3663,10-AUG-99,2,999,1,914.34,194
123,13-APR-23,13,10735,10-AUG-99,2,999,1,914.34,113
123,13-APR-23,13,11084,10-AUG-99,2,999,1,914.34,204
123,13-APR-23,13,13114,10-AUG-99,2,999,1,914.34,193
123,13-APR-23,13,14489,28-APR-00,3,999,1,1040.74,128
123,13-APR-23,13,2881,03-MAY-00,3,999,1,1046.72,119
123,13-APR-23,13,11646,03-MAY-00,3,999,1,1046.72,169
123,13-APR-23,13,23478,03-MAY-00,3,999,1,1046.72,137
123,13-APR-23,13,34834,03-MAY-00,3,999,1,1046.72,104
123,13-APR-23,13,124,14-MAY-00,3,999,1,1057.14,118
123,13-APR-23,13,488,14-MAY-00,3,999,1,1057.14,198
123,13-APR-23,13,2038,14-MAY-00,3,999,1,1057.14,179
123,13-APR-23,13,2268,14-MAY-00,3,999,1,1057.14,127
123,13-APR-23,13,2305,14-MAY-00,3,999,1,1057.14,119
123,13-APR-23,13,2896,14-MAY-00,3,999,1,1057.14,199
123,13-APR-23,13,3505,14-MAY-00,3,999,1,1057.14,202
123,13-APR-23,13,5678,14-MAY-00,3,999,1,1057.14,153
123,13-APR-23,13,6934,14-MAY-00,3,999,1,1057.14,145
123,13-APR-23,13,7896,14-MAY-00,3,999,1,1057.14,134
123,13-APR-23,13,8878,14-MAY-00,3,999,1,1057.14,158
123,13-APR-23,13,9774,14-MAY-00,3,999,1,1057.14,105
123,13-APR-23,13,38714,14-MAY-00,3,999,1,1057.14,159
123,13-APR-23,13,1924,16-MAY-00,3,999,1,1042.55,177
123,13-APR-23,13,2208,16-MAY-00,3,999,1,1042.55,180
123,13-APR-23,13,2821,16-MAY-00,3,999,1,1042.55,126
123,13-APR-23,13,4474,16-MAY-00,3,999,1,1042.55,191
123,13-APR-23,13,5761,16-MAY-00,3,999,1,1042.55,117
123,13-APR-23,13,6109,16-MAY-00,3,999,1,1042.55,110
123,13-APR-23,13,7241,16-MAY-00,3,999,1,1042.55,107
123,13-APR-23,13,8101,16-MAY-00,3,999,1,1042.55,192
123,13-APR-23,13,8546,16-MAY-00,3,999,1,1042.55,191
123,13-APR-23,13,10868,16-MAY-00,3,999,1,1042.55,185
123,13-APR-23,13,378,23-MAY-00,3,999,1,1057.14,104
123,13-APR-23,13,897,23-MAY-00,3,999,1,1057.14,167
123,13-APR-23,13,1221,23-MAY-00,3,999,1,1057.14,163
123,13-APR-23,13,1226,23-MAY-00,3,999,1,1057.14,132
123,13-APR-23,13,1669,23-MAY-00,3,999,1,1057.14,196
123,13-APR-23,13,2448,23-MAY-00,3,999,1,1057.14,122
123,13-APR-23,13,2528,23-MAY-00,3,999,1,1057.14,143
123,13-APR-23,13,2709,23-MAY-00,3,999,1,1057.14,159
123,13-APR-23,13,3057,23-MAY-00,3,999,1,1057.14,164
123,13-APR-23,13,4264,23-MAY-00,3,999,1,1057.14,169
123,13-APR-23,13,4844,23-MAY-00,3,999,1,1057.14,190
123,13-APR-23,13,7025,23-MAY-00,3,999,1,1057.14,136
123,13-APR-23,13,7116,23-MAY-00,3,999,1,1057.14,136
123,13-APR-23,13,7388,23-MAY-00,3,999,1,1057.14,164
123,13-APR-23,13,9124,23-MAY-00,3,999,1,1057.14,114
123,13-APR-23,13,9369,23-MAY-00,3,999,1,1057.14,201
123,13-APR-23,13,9978,23-MAY-00,3,999,1,1057.14,103
123,13-APR-23,13,9989,23-MAY-00,3,999,1,1057.14,195
123,13-APR-23,13,11344,23-MAY-00,3,999,1,1057.14,174
123,13-APR-23,13,11809,23-MAY-00,3,999,1,1057.14,120
123,13-APR-23,13,2265,25-JUN-00,3,999,1,1058.14,192
123,13-APR-23,13,2292,25-JUN-00,3,999,1,1058.14,106
123,13-APR-23,13,2586,25-JUN-00,3,999,1,1058.14,155
123,13-APR-23,13,2831,25-JUN-00,3,999,1,1058.14,190
123,13-APR-23,13,2856,25-JUN-00,3,999,1,1058.14,152
123,13-APR-23,13,2862,25-JUN-00,3,999,1,1058.14,177
123,13-APR-23,13,2938,25-JUN-00,3,999,1,1058.14,181
123,13-APR-23,13,3050,25-JUN-00,3,999,1,1058.14,103
123,13-APR-23,13,3502,25-JUN-00,3,999,1,1058.14,161
123,13-APR-23,13,5540,25-JUN-00,3,999,1,1058.14,162
123,13-APR-23,13,5861,25-JUN-00,3,999,1,1058.14,131
123,13-APR-23,13,7481,25-JUN-00,3,999,1,1058.14,204
123,13-APR-23,13,7494,25-JUN-00,3,999,1,1058.14,134
123,13-APR-23,13,9349,25-JUN-00,3,999,1,1058.14,130
123,13-APR-23,13,9484,25-JUN-00,3,999,1,1058.14,183
123,13-APR-23,13,9498,25-JUN-00,3,999,1,1058.14,203
123,13-APR-23,13,12343,25-JUN-00,3,999,1,1058.14,158
123,13-APR-23,13,14027,25-JUN-00,3,999,1,1058.14,101
123,13-APR-23,13,19715,25-JUN-00,3,999,1,1058.14,206
123,13-APR-23,13,21062,25-JUN-00,3,999,1,1058.14,170
123,13-APR-23,13,117,26-JUN-00,3,999,1,1043.53,184
123,13-APR-23,13,377,26-JUN-00,3,999,1,1043.53,143
123,13-APR-23,13,1126,26-JUN-00,3,999,1,1043.53,147
123,13-APR-23,13,1198,26-JUN-00,3,999,1,1043.53,106
123,13-APR-23,13,1529,26-JUN-00,3,999,1,1043.53,176
123,13-APR-23,13,4344,26-JUN-00,3,999,1,1043.53,163
123,13-APR-23,13,4486,26-JUN-00,3,999,1,1043.53,142
123,13-APR-23,13,4934,26-JUN-00,3,999,1,1043.53,142
123,13-APR-23,13,7118,26-JUN-00,3,999,1,1043.53,140
123,13-APR-23,13,7157,26-JUN-00,3,999,1,1043.53,203
123,13-APR-23,13,11108,26-JUN-00,3,999,1,1043.53,164
123,13-APR-23,13,14861,26-JUN-00,3,999,1,1043.53,206
123,13-APR-23,13,16774,26-JUN-00,3,999,1,1043.53,204
123,13-APR-23,13,33734,26-JUN-00,3,999,1,1043.53,180
123,13-APR-23,13,236,28-JUN-00,3,999,1,1043.53,173
123,13-APR-23,13,1924,28-JUN-00,3,999,1,1043.53,141
123,13-APR-23,13,2208,28-JUN-00,3,999,1,1043.53,181
123,13-APR-23,13,5716,13-JUL-00,3,999,1,1029.1,158
123,13-APR-23,13,8809,13-JUL-00,3,999,1,1029.1,144
123,13-APR-23,13,8988,13-JUL-00,3,999,1,1029.1,180
123,13-APR-23,13,9281,13-JUL-00,3,999,1,1029.1,171
123,13-APR-23,13,9696,13-JUL-00,3,999,1,1029.1,202
123,13-APR-23,13,13444,13-JUL-00,3,999,1,1029.1,118
123,13-APR-23,13,33768,13-JUL-00,3,999,1,1029.1,204
123,13-APR-23,13,48084,13-JUL-00,3,999,1,1029.1,193
123,13-APR-23,13,117,28-JUL-00,3,999,1,1029.1,142
123,13-APR-23,13,344,28-JUL-00,3,999,1,1029.1,189
123,13-APR-23,13,464,28-JUL-00,3,999,1,1029.1,110
123,13-APR-23,13,14962,10-AUG-99,2,999,1,914.34,168
123,13-APR-23,13,23172,10-AUG-99,2,999,1,914.34,118
123,13-APR-23,13,34834,10-AUG-99,2,999,1,914.34,103
123,13-APR-23,13,1909,10-OCT-99,2,999,1,914.34,166
123,13-APR-23,13,2122,10-OCT-99,2,999,1,914.34,161
123,13-APR-23,13,3326,10-OCT-99,2,999,1,914.34,127
123,13-APR-23,13,3826,10-OCT-99,2,999,1,914.34,203
123,13-APR-23,13,5579,10-OCT-99,2,999,1,914.34,161
123,13-APR-23,13,6228,10-OCT-99,2,999,1,914.34,206
123,13-APR-23,13,10768,10-OCT-99,2,999,1,914.34,118
123,13-APR-23,13,11084,10-OCT-99,2,999,1,914.34,119
123,13-APR-23,13,11574,10-OCT-99,2,999,1,914.34,141
123,13-APR-23,13,12979,10-OCT-99,2,999,1,914.34,110
123,13-APR-23,13,13125,10-OCT-99,2,999,1,914.34,160
123,13-APR-23,13,14962,10-OCT-99,2,999,1,914.34,130
123,13-APR-23,13,19527,10-OCT-99,2,999,1,914.34,112
123,13-APR-23,13,818,20-OCT-99,2,999,1,914.34,113
123,13-APR-23,13,1394,20-OCT-99,2,999,1,914.34,162
123,13-APR-23,13,1698,20-OCT-99,2,999,1,914.34,117
123,13-APR-23,13,2572,20-OCT-99,2,999,1,914.34,162
123,13-APR-23,13,2606,20-OCT-99,2,999,1,914.34,138
123,13-APR-23,13,2793,20-OCT-99,2,999,1,914.34,165
123,13-APR-23,13,5046,20-OCT-99,2,999,1,914.34,181
123,13-APR-23,13,5403,20-OCT-99,2,999,1,914.34,157
123,13-APR-23,13,2821,28-JUN-00,3,999,1,1043.53,185
123,13-APR-23,13,5761,28-JUN-00,3,999,1,1043.53,190
123,13-APR-23,13,7241,28-JUN-00,3,999,1,1043.53,143
123,13-APR-23,13,14489,28-JUN-00,3,999,1,1043.53,205
123,13-APR-23,13,64,02-JUL-00,3,999,1,1029.1,187
123,13-APR-23,13,2637,02-JUL-00,3,999,1,1029.1,171
123,13-APR-23,13,3905,02-JUL-00,3,999,1,1029.1,193
123,13-APR-23,13,4365,02-JUL-00,3,999,1,1029.1,100
123,13-APR-23,13,4928,02-JUL-00,3,999,1,1029.1,164
123,13-APR-23,13,5768,02-JUL-00,3,999,1,1029.1,174
123,13-APR-23,13,9381,02-JUL-00,3,999,1,1029.1,196
123,13-APR-23,13,10316,02-JUL-00,3,999,1,1029.1,187
123,13-APR-23,13,11646,02-JUL-00,3,999,1,1029.1,173
123,13-APR-23,13,13318,02-JUL-00,3,999,1,1029.1,175
123,13-APR-23,13,13466,02-JUL-00,3,999,1,1029.1,145
123,13-APR-23,13,23688,02-JUL-00,3,999,1,1029.1,190
123,13-APR-23,13,26444,02-JUL-00,3,999,1,1029.1,148
123,13-APR-23,13,808,10-JUL-00,3,999,1,1043.5,195
123,13-APR-23,13,1644,10-JUL-00,3,999,1,1043.5,163
123,13-APR-23,13,1648,10-JUL-00,3,999,1,1043.5,113
123,13-APR-23,13,3985,10-JUL-00,3,999,1,1043.5,192
123,13-APR-23,13,4636,10-JUL-00,3,999,1,1043.5,182
123,13-APR-23,13,6966,10-JUL-00,3,999,1,1043.5,184
123,13-APR-23,13,8478,10-JUL-00,3,999,1,1043.5,137
123,13-APR-23,13,10046,10-JUL-00,3,999,1,1043.5,199
123,13-APR-23,13,21605,10-JUL-00,3,999,1,1043.5,151
123,13-APR-23,13,31448,10-JUL-00,3,999,1,1043.5,189
123,13-APR-23,13,921,13-JUL-00,3,999,1,1029.1,186
123,13-APR-23,13,1601,13-JUL-00,3,999,1,1029.1,155
123,13-APR-23,13,1641,13-JUL-00,3,999,1,1029.1,206
123,13-APR-23,13,1766,13-JUL-00,3,999,1,1029.1,194
123,13-APR-23,13,2645,13-JUL-00,3,999,1,1029.1,126
123,13-APR-23,13,2974,13-JUL-00,3,999,1,1029.1,193
123,13-APR-23,13,4064,13-JUL-00,3,999,1,1029.1,206
123,13-APR-23,13,5226,13-JUL-00,3,999,1,1029.1,124
123,13-APR-23,13,5529,13-JUL-00,3,999,1,1029.1,169
123,13-APR-23,13,11334,30-MAY-00,3,999,1,1042.55,128
123,13-APR-23,13,12606,30-MAY-00,3,999,1,1042.55,125
123,13-APR-23,13,17625,30-MAY-00,3,999,1,1042.55,184
123,13-APR-23,13,27905,30-MAY-00,3,999,1,1042.55,203
123,13-APR-23,13,31946,30-MAY-00,3,999,1,1042.55,134
123,13-APR-23,13,32694,30-MAY-00,3,999,1,1042.55,182
123,13-APR-23,13,36954,30-MAY-00,3,999,1,1042.55,116
123,13-APR-23,13,148,03-JUN-00,3,999,1,1043.53,196
123,13-APR-23,13,285,03-JUN-00,3,999,1,1043.53,120
123,13-APR-23,13,496,03-JUN-00,3,999,1,1043.53,116
123,13-APR-23,13,1125,03-JUN-00,3,999,1,1043.53,194
123,13-APR-23,13,1648,03-JUN-00,3,999,1,1043.53,118
123,13-APR-23,13,1657,03-JUN-00,3,999,1,1043.53,112
123,13-APR-23,13,2516,03-JUN-00,3,999,1,1043.53,177
123,13-APR-23,13,4636,03-JUN-00,3,999,1,1043.53,102
123,13-APR-23,13,6961,03-JUN-00,3,999,1,1043.53,110
123,13-APR-23,13,10821,03-JUN-00,3,999,1,1043.53,183
123,13-APR-23,13,12268,03-JUN-00,3,999,1,1043.53,125
123,13-APR-23,13,24554,03-JUN-00,3,999,1,1043.53,199
123,13-APR-23,13,29217,03-JUN-00,3,999,1,1043.53,186
123,13-APR-23,13,39974,03-JUN-00,3,999,1,1043.53,205
123,13-APR-23,13,7497,16-JUN-00,3,999,1,1058.14,178
123,13-APR-23,13,9768,16-JUN-00,3,999,1,1058.14,204
123,13-APR-23,13,12694,16-JUN-00,3,999,1,1058.14,141
123,13-APR-23,13,17625,16-JUN-00,3,999,1,1058.14,163
123,13-APR-23,13,26,25-JUN-00,3,999,1,1058.14,112
123,13-APR-23,13,3600,25-JUN-00,3,999,1,1058.14,128
123,13-APR-23,13,7200,25-JUN-00,3,999,1,1058.14,181
123,13-APR-23,13,157,25-JUN-00,3,999,1,1058.14,146
123,13-APR-23,13,498,25-JUN-00,3,999,1,1058.14,169
123,13-APR-23,13,682,25-JUN-00,3,999,1,1058.14,198
123,13-APR-23,13,731,25-JUN-00,3,999,1,1058.14,182
123,13-APR-23,13,1349,25-JUN-00,3,999,1,1058.14,146
123,13-APR-23,13,1587,25-JUN-00,3,999,1,1058.14,206
123,13-APR-23,13,1907,25-JUN-00,3,999,1,1058.14,115
123,13-APR-23,13,1932,25-JUN-00,3,999,1,1058.14,186
123,13-APR-23,13,5478,20-OCT-99,2,999,1,914.34,193
123,13-APR-23,13,6039,20-OCT-99,2,999,1,914.34,113
123,13-APR-23,13,7603,20-OCT-99,2,999,1,914.34,166
123,13-APR-23,13,8090,20-OCT-99,2,999,1,914.34,194
123,13-APR-23,13,8312,20-OCT-99,2,999,1,914.34,102
123,13-APR-23,13,9189,20-OCT-99,2,999,1,914.34,112
123,13-APR-23,13,11815,20-OCT-99,2,999,1,914.34,122
123,13-APR-23,13,20966,20-OCT-99,2,999,1,914.34,176
123,13-APR-23,13,31478,20-OCT-99,2,999,1,914.34,111
123,13-APR-23,13,1736,10-DEC-99,2,999,1,914.34,202
123,13-APR-23,13,3326,10-DEC-99,2,999,1,914.34,144
123,13-APR-23,13,23856,10-DEC-99,2,999,1,914.34,205
123,13-APR-23,13,366,14-DEC-99,2,999,1,914.34,134
123,13-APR-23,13,11073,14-DEC-99,2,999,1,914.34,119
123,13-APR-23,13,12526,14-DEC-99,2,999,1,914.34,144
123,13-APR-23,13,2606,20-DEC-99,2,999,1,914.34,206
123,13-APR-23,13,8090,20-DEC-99,2,999,1,914.34,120
123,13-APR-23,13,20966,20-DEC-99,2,999,1,914.34,100
123,13-APR-23,13,2606,22-DEC-99,2,999,1,914.34,193
123,13-APR-23,13,6419,21-FEB-00,2,999,1,1067.73,204
123,13-APR-23,13,6564,21-FEB-00,2,999,1,1067.73,157
123,13-APR-23,13,9631,21-FEB-00,2,999,1,1067.73,111
123,13-APR-23,13,9737,21-FEB-00,2,999,1,1067.73,131
123,13-APR-23,13,11718,21-FEB-00,2,999,1,1067.73,161
123,13-APR-23,13,13253,21-FEB-00,2,999,1,1067.73,206
123,13-APR-23,13,15561,21-FEB-00,2,999,1,1067.73,104
123,13-APR-23,13,30086,21-FEB-00,2,999,1,1067.73,165
123,13-APR-23,13,493,25-FEB-00,2,999,1,1067.73,105
123,13-APR-23,13,525,25-FEB-00,2,999,1,1067.73,113
123,13-APR-23,13,2257,25-FEB-00,2,999,1,1067.73,109
123,13-APR-23,13,2771,25-FEB-00,2,999,1,1067.73,168
123,13-APR-23,13,2963,25-FEB-00,2,999,1,1067.73,205
123,13-APR-23,13,3331,25-FEB-00,2,999,1,1067.73,106
123,13-APR-23,13,3378,25-FEB-00,2,999,1,1067.73,130
123,13-APR-23,13,4379,25-FEB-00,2,999,1,1067.73,117
123,13-APR-23,13,6525,25-FEB-00,2,999,1,1067.73,109
123,13-APR-23,13,6789,25-FEB-00,2,999,1,1067.73,166
123,13-APR-23,13,7661,25-FEB-00,2,999,1,1067.73,171
123,13-APR-23,13,7782,25-FEB-00,2,999,1,1067.73,153
123,13-APR-23,13,8122,25-FEB-00,2,999,1,1067.73,202
123,13-APR-23,13,8298,25-FEB-00,2,999,1,1067.73,185
123,13-APR-23,13,9725,25-FEB-00,2,999,1,1067.73,110
123,13-APR-23,13,10071,25-FEB-00,2,999,1,1067.73,135
123,13-APR-23,13,10274,25-FEB-00,2,999,1,1067.73,135
123,13-APR-23,13,13479,25-FEB-00,2,999,1,1067.73,134
123,13-APR-23,13,27320,25-FEB-00,2,999,1,1067.73,137
123,13-APR-23,13,1924,16-MAR-00,2,999,1,1043.37,196
123,13-APR-23,13,897,23-MAR-00,2,999,1,1057.97,128
123,13-APR-23,13,1114,23-MAR-00,2,999,1,1057.97,156
123,13-APR-23,13,1669,23-MAR-00,2,999,1,1057.97,155
123,13-APR-23,13,2436,23-MAR-00,2,999,1,1057.97,128
123,13-APR-23,13,2646,23-MAR-00,2,999,1,1057.97,192
123,13-APR-23,13,9286,23-MAR-00,2,999,1,1057.97,158
123,13-APR-23,13,11665,23-MAR-00,2,999,1,1057.97,177
123,13-APR-23,13,8090,22-DEC-99,2,999,1,914.34,174
123,13-APR-23,13,20966,22-DEC-99,2,999,1,914.34,113
123,13-APR-23,13,3670,23-DEC-99,2,999,1,914.34,103
123,13-APR-23,13,5766,30-DEC-99,2,999,1,927.14,113
123,13-APR-23,13,6316,30-DEC-99,2,999,1,927.14,118
123,13-APR-23,13,647,30-JAN-00,2,999,1,1075.12,170
123,13-APR-23,13,1276,30-JAN-00,2,999,1,1075.12,206
123,13-APR-23,13,1848,30-JAN-00,2,999,1,1075.12,191
123,13-APR-23,13,1858,30-JAN-00,2,999,1,1075.12,123
123,13-APR-23,13,2023,30-JAN-00,2,999,1,1075.12,108
123,13-APR-23,13,2854,30-JAN-00,2,999,1,1075.12,173
123,13-APR-23,13,3694,30-JAN-00,2,999,1,1075.12,155
123,13-APR-23,13,3730,30-JAN-00,2,999,1,1075.12,111
123,13-APR-23,13,3997,30-JAN-00,2,999,1,1075.12,194
123,13-APR-23,13,4779,30-JAN-00,2,999,1,1075.12,111
123,13-APR-23,13,4896,30-JAN-00,2,999,1,1075.12,106
123,13-APR-23,13,7655,30-JAN-00,2,999,1,1075.12,173
123,13-APR-23,13,7759,30-JAN-00,2,999,1,1075.12,152
123,13-APR-23,13,8514,30-JAN-00,2,999,1,1075.12,185
123,13-APR-23,13,9320,30-JAN-00,2,999,1,1075.12,113
123,13-APR-23,13,11932,30-JAN-00,2,999,1,1075.12,106
123,13-APR-23,13,12083,30-JAN-00,2,999,1,1075.12,142
123,13-APR-23,13,13680,30-JAN-00,2,999,1,1075.12,186
123,13-APR-23,13,23684,30-JAN-00,2,999,1,1075.12,191
123,13-APR-23,13,3841,03-FEB-00,2,999,1,1067.73,191
123,13-APR-23,13,5374,03-FEB-00,2,999,1,1067.73,159
123,13-APR-23,13,12266,03-FEB-00,2,999,1,1067.73,144
123,13-APR-23,13,23864,03-FEB-00,2,999,1,1067.73,132
123,13-APR-23,13,33761,03-FEB-00,2,999,1,1067.73,189
123,13-APR-23,13,251,10-FEB-00,2,999,1,1052.99,112
123,13-APR-23,13,663,10-FEB-00,2,999,1,1052.99,106
123,13-APR-23,13,846,10-FEB-00,2,999,1,1052.99,172
123,13-APR-23,13,1039,10-FEB-00,2,999,1,1052.99,176
123,13-APR-23,13,1222,10-FEB-00,2,999,1,1052.99,130
123,13-APR-23,13,1307,10-FEB-00,2,999,1,1052.99,200
123,13-APR-23,13,2282,10-FEB-00,2,999,1,1052.99,125
123,13-APR-23,13,2919,10-FEB-00,2,999,1,1052.99,137
123,13-APR-23,13,4268,10-FEB-00,2,999,1,1052.99,169
123,13-APR-23,13,4838,10-FEB-00,2,999,1,1052.99,137
123,13-APR-23,13,6017,10-FEB-00,2,999,1,1052.99,167
123,13-APR-23,13,6751,10-FEB-00,2,999,1,1052.99,141
123,13-APR-23,13,7205,10-FEB-00,2,999,1,1052.99,184
123,13-APR-23,13,7251,10-FEB-00,2,999,1,1052.99,120
123,13-APR-23,13,8014,10-FEB-00,2,999,1,1052.99,206
123,13-APR-23,13,9276,10-FEB-00,2,999,1,1052.99,191
123,13-APR-23,13,10471,10-FEB-00,2,999,1,1052.99,150
123,13-APR-23,13,21098,10-FEB-00,2,999,1,1052.99,107
123,13-APR-23,13,4248,11-FEB-00,2,999,1,1052.99,164
123,13-APR-23,13,5017,11-FEB-00,2,999,1,1052.99,108
123,13-APR-23,13,8137,11-FEB-00,2,999,1,1052.99,160
123,13-APR-23,13,9278,11-FEB-00,2,999,1,1052.99,196
123,13-APR-23,13,1554,15-FEB-00,2,999,1,1052.99,117
123,13-APR-23,13,2169,15-FEB-00,2,999,1,1052.99,121
123,13-APR-23,13,3329,15-FEB-00,2,999,1,1052.99,185
123,13-APR-23,13,1156,18-FEB-00,2,999,1,1067.73,142
123,13-APR-23,13,2517,18-FEB-00,2,999,1,1067.73,190
123,13-APR-23,13,2638,18-FEB-00,2,999,1,1067.73,142
123,13-APR-23,13,3045,18-FEB-00,2,999,1,1067.73,115
123,13-APR-23,13,5925,18-FEB-00,2,999,1,1067.73,113
123,13-APR-23,13,27197,18-FEB-00,2,999,1,1067.73,131
123,13-APR-23,13,36217,18-FEB-00,2,999,1,1067.73,177
123,13-APR-23,13,608,21-FEB-00,2,999,1,1067.73,164
123,13-APR-23,13,676,21-FEB-00,2,999,1,1067.73,162
123,13-APR-23,13,2204,21-FEB-00,2,999,1,1067.73,159
123,13-APR-23,13,2220,21-FEB-00,2,999,1,1067.73,119
123,13-APR-23,13,2366,21-FEB-00,2,999,1,1067.73,198
123,13-APR-23,13,2585,21-FEB-00,2,999,1,1067.73,128
123,13-APR-23,13,3468,21-FEB-00,2,999,1,1067.73,138
123,13-APR-23,13,3858,21-FEB-00,2,999,1,1067.73,113
123,13-APR-23,13,5691,21-FEB-00,2,999,1,1067.73,124
123,13-APR-23,13,6116,21-FEB-00,2,999,1,1067.73,106
123,13-APR-23,13,6172,21-FEB-00,2,999,1,1067.73,149
123,13-APR-23,13,19715,25-APR-00,2,999,1,1037.93,195
123,13-APR-23,13,11808,23-MAR-00,2,999,1,1057.97,160
123,13-APR-23,13,16938,23-MAR-00,2,999,1,1057.97,196
123,13-APR-23,13,2809,26-MAR-00,2,999,1,1057.97,129
123,13-APR-23,13,7386,26-MAR-00,2,999,1,1057.97,205
123,13-APR-23,13,7496,26-MAR-00,2,999,1,1057.97,165
123,13-APR-23,13,7794,26-MAR-00,2,999,1,1057.97,115
123,13-APR-23,13,345,02-APR-00,2,999,1,1037.93,176
123,13-APR-23,13,1729,02-APR-00,2,999,1,1037.93,155
123,13-APR-23,13,3248,02-APR-00,2,999,1,1037.93,163
123,13-APR-23,13,3698,02-APR-00,2,999,1,1037.93,126
123,13-APR-23,13,6801,02-APR-00,2,999,1,1037.93,126
123,13-APR-23,13,11388,02-APR-00,2,999,1,1037.93,170
123,13-APR-23,13,33721,02-APR-00,2,999,1,1037.93,195
123,13-APR-23,13,124,13-APR-00,2,999,1,1052.46,141
123,13-APR-23,13,914,13-APR-00,2,999,1,1052.46,109
123,13-APR-23,13,3741,13-APR-00,2,999,1,1052.46,184
123,13-APR-23,13,5678,13-APR-00,2,999,1,1052.46,189
123,13-APR-23,13,7896,13-APR-00,2,999,1,1052.46,136
123,13-APR-23,13,9774,13-APR-00,2,999,1,1052.46,112
123,13-APR-23,13,10174,13-APR-00,2,999,1,1052.46,172
123,13-APR-23,13,10574,13-APR-00,2,999,1,1052.46,179
123,13-APR-23,13,8485,16-APR-00,2,999,1,1052.46,193
123,13-APR-23,13,9768,16-APR-00,2,999,1,1052.46,178
123,13-APR-23,13,12006,16-APR-00,2,999,1,1052.46,153
123,13-APR-23,13,15489,16-APR-00,2,999,1,1052.46,196
123,13-APR-23,13,17625,16-APR-00,2,999,1,1052.46,140
123,13-APR-23,13,20904,16-APR-00,2,999,1,1052.46,195
123,13-APR-23,13,36148,16-APR-00,2,999,1,1052.46,126
123,13-APR-23,13,731,25-APR-00,2,999,1,1037.93,151
123,13-APR-23,13,1051,25-APR-00,2,999,1,1037.93,112
123,13-APR-23,13,4434,25-APR-00,2,999,1,1037.93,139
123,13-APR-23,13,4838,25-APR-00,2,999,1,1037.93,204
123,13-APR-23,13,5981,25-APR-00,2,999,1,1037.93,121
123,13-APR-23,13,7251,25-APR-00,2,999,1,1037.93,114
123,13-APR-23,13,7481,25-APR-00,2,999,1,1037.93,152
123,13-APR-23,13,8014,25-APR-00,2,999,1,1037.93,173